<?xml version="1.0" encoding="UTF-8"?>
<beans  xmlns="http://www.springframework.org/schema/beans"  
xmlns:xsi="http://www.w3.org/2001/XMLSchema-instance"  
xmlns:aop="http://www.springframework.org/schema/aop"   
xmlns:context="http://www.springframework.org/schema/context"  
xmlns:jee="http://www.springframework.org/schema/jee"  
xmlns:lang="http://www.springframework.org/schema/lang"  
xmlns:util="http://www.springframework.org/schema/util"  
xmlns:tx="http://www.springframework.org/schema/tx"  
xmlns:mvc="http://www.springframework.org/schema/mvc"    
xsi:schemaLocation="http://www.springframework.org/schema/beans  

 http://www.springframework.org/schema/beans/spring-beans.xsd   
 http://www.springframework.org/schema/aop    
 http://www.springframework.org/schema/aop/spring-aop.xsd   
 http://www.springframework.org/schema/jee    
 http://www.springframework.org/schema/jee/spring-jee.xsd   
 http://www.springframework.org/schema/lang    
 http://www.springframework.org/schema/lang/spring-lang.xsd   
 http://www.springframework.org/schema/context    
 http://www.springframework.org/schema/context/spring-context.xsd   
 http://www.springframework.org/schema/tx    
 http://www.springframework.org/schema/tx/spring-tx.xsd   
 http://www.springframework.org/schema/util    
 http://www.springframework.org/schema/util/spring-util.xsd   
 http://www.springframework.org/schema/mvc    
 http://www.springframework.org/schema/mvc/spring-mvc.xsd">
 
	 <!-- 包扫描，创建对象 -->
	 <context:component-scan base-package="com.luxuryshop.Iservice.Impl"></context:component-scan>
	 
	<!-- 配置数据库 -->
	<context:property-placeholder location="classpath:jdbcInfo.properties"/>
	 <bean id="dataSource" class="com.mchange.v2.c3p0.ComboPooledDataSource">
	      <property name="driverClass" value="${jdbc.driverClass}"></property>
	      <property name="jdbcUrl" value="${jdbc.jdbcUrl}"></property>
	      <property name="user" value="${jdbc.user}"></property>
	      <property name="password" value="${jdbc.password}"></property>
	</bean>
   <!-- 配置mybatis，创建SqlSessionFactory对象 -->
   <bean id="sqlSessionFactory" class="org.mybatis.spring.SqlSessionFactoryBean">
   		<property name="configLocation" value="classpath:SqlConfigMapper.xml"></property>
   		<property name="dataSource" ref="dataSource"></property>
   <!--  <property name="typeAliasesPackage" value="com.model"/> -->
   </bean>
   
   <bean class="org.mybatis.spring.mapper.MapperScannerConfigurer">
  		 <property name="basePackage" value="com.lunxuryshop.mapper"></property>
  		 
		 <!--   <property name="sqlSessionFactoryBeanName" value="sqlSessionFactory"></property> -->
   </bean>
   
   <!-- 配置事务管理平台 
   <bean id="transactionManager" class="org.springframework.jdbc.datasource.DataSourceTransactionManager"> 
   <property name="dataSource" ref="dataSource"></property>
   </bean> 
   
    配置事务通知 
   <tx:advice id="txAdvice" transaction-manager="transactionManager">
		   <tx:attributes>
		   		<tx:method name="transfer*"  propagation="REQUIRED"/>
		   </tx:attributes> 
   </tx:advice>
   -->
   
   
   <!-- 创建通知类对象 -->
   <bean id="LogAdive"  class="com.luxuryshop.common.LogAdive"></bean>
   
 <!-- 配置日志通知 -->
   <aop:config>
       <aop:aspect ref="LogAdive">
	      <aop:before method="logbefore"  pointcut="execution(* com.luxuryshop.Iservice.Impl.*.*(..))" />
	      <aop:before method="logbefore"  pointcut="execution(* com.luxuryshop.controller.*.*(..))"/>
      </aop:aspect>
   </aop:config>
    
</beans> 