<?xml version="1.0" encoding="UTF-8"?>
<beans  xmlns="http://www.springframework.org/schema/beans" 
xmlns:xsi="http://www.w3.org/2001/XMLSchema-instance"  
xmlns:aop="http://www.springframework.org/schema/aop"   
xmlns:context="http://www.springframework.org/schema/context"  
xmlns:jee="http://www.springframework.org/schema/jee"  
xmlns:lang="http://www.springframework.org/schema/lang"  
xmlns:util="http://www.springframework.org/schema/util"  
xmlns:tx="http://www.springframework.org/schema/tx"  
xmlns:mvc="http://www.springframework.org/schema/mvc"    
xsi:schemaLocation="http://www.springframework.org/schema/beans  

 http://www.springframework.org/schema/beans/spring-beans.xsd   
 http://www.springframework.org/schema/aop    
 http://www.springframework.org/schema/aop/spring-aop.xsd   
 http://www.springframework.org/schema/jee    
 http://www.springframework.org/schema/jee/spring-jee.xsd   
 http://www.springframework.org/schema/lang    
 http://www.springframework.org/schema/lang/spring-lang.xsd   
 http://www.springframework.org/schema/context    
 http://www.springframework.org/schema/context/spring-context.xsd   
 http://www.springframework.org/schema/tx    
 http://www.springframework.org/schema/tx/spring-tx.xsd   
 http://www.springframework.org/schema/util    
 http://www.springframework.org/schema/util/spring-util.xsd   
 http://www.springframework.org/schema/mvc    
 http://www.springframework.org/schema/mvc/spring-mvc.xsd">
 <context:component-scan base-package="com.luxuryshop.controller">
		<!-- <context:include-filter type="annotation" expression="org.springframework.stereotype.Controller"/> -->
</context:component-scan>
<!-- <context:component-scan base-package="com.luxuryshop.test"/> -->
  <!--  配置视图解析器"org.springframework.web.servlet.view.InternalResourceView" -->
  <bean id="internalResourceViewResolver"  class="org.springframework.web.servlet.view.InternalResourceViewResolver">
		 <property name="prefix"  value="/WEB-INF/Jsps/" /> 
		 <property name="suffix"  value=".jsp" />
   </bean>
   <!-- 开启spring mvc注解支持 -->
	<mvc:annotation-driven/>
	
	<mvc:default-servlet-handler/>
	
<!-- 	<mvc:resources location="" mapping=""></mvc:resources> -->
 </beans>