<?xml version="1.0" encoding="UTF-8" ?>
<!DOCTYPE mapper PUBLIC "-//mybatis.org//DTD Mapper 3.0//EN" "http://mybatis.org/dtd/mybatis-3-mapper.dtd" >
<mapper namespace="com.lunxuryshop.mapper.FinanceMapper" >
  <resultMap id="BaseResultMap" type="com.lunxuryshop.pojo.Finance" >
    <id column="fId" property="fid" jdbcType="INTEGER" />
    <result column="batin" property="batin" jdbcType="REAL" />
    <result column="typein" property="typein" jdbcType="REAL" />
    <result column="quain" property="quain" jdbcType="REAL" />
    <result column="sumin" property="sumin" jdbcType="REAL" />
    <result column="dayin" property="dayin" jdbcType="REAL" />
    <result column="time" property="time" jdbcType="DATE" />
  </resultMap>
  <sql id="Example_Where_Clause" >
    <where >
      <foreach collection="oredCriteria" item="criteria" separator="or" >
        <if test="criteria.valid" >
          <trim prefix="(" suffix=")" prefixOverrides="and" >
            <foreach collection="criteria.criteria" item="criterion" >
              <choose >
                <when test="criterion.noValue" >
                  and ${criterion.condition}
                </when>
                <when test="criterion.singleValue" >
                  and ${criterion.condition} #{criterion.value}
                </when>
                <when test="criterion.betweenValue" >
                  and ${criterion.condition} #{criterion.value} and #{criterion.secondValue}
                </when>
                <when test="criterion.listValue" >
                  and ${criterion.condition}
                  <foreach collection="criterion.value" item="listItem" open="(" close=")" separator="," >
                    #{listItem}
                  </foreach>
                </when>
              </choose>
            </foreach>
          </trim>
        </if>
      </foreach>
    </where>
  </sql>
  <sql id="Update_By_Example_Where_Clause" >
    <where >
      <foreach collection="example.oredCriteria" item="criteria" separator="or" >
        <if test="criteria.valid" >
          <trim prefix="(" suffix=")" prefixOverrides="and" >
            <foreach collection="criteria.criteria" item="criterion" >
              <choose >
                <when test="criterion.noValue" >
                  and ${criterion.condition}
                </when>
                <when test="criterion.singleValue" >
                  and ${criterion.condition} #{criterion.value}
                </when>
                <when test="criterion.betweenValue" >
                  and ${criterion.condition} #{criterion.value} and #{criterion.secondValue}
                </when>
                <when test="criterion.listValue" >
                  and ${criterion.condition}
                  <foreach collection="criterion.value" item="listItem" open="(" close=")" separator="," >
                    #{listItem}
                  </foreach>
                </when>
              </choose>
            </foreach>
          </trim>
        </if>
      </foreach>
    </where>
  </sql>
  <sql id="Base_Column_List" >
    fId, batin, typein, quain, sumin, dayin, time
  </sql>
  <select id="selectByExample" resultMap="BaseResultMap" parameterType="com.lunxuryshop.pojo.FinanceExample" >
    select
    <if test="distinct" >
      distinct
    </if>
    <include refid="Base_Column_List" />
    from finance
    <if test="_parameter != null" >
      <include refid="Example_Where_Clause" />
    </if>
    <if test="orderByClause != null" >
      order by ${orderByClause}
    </if>
  </select>
  <select id="selectByPrimaryKey" resultMap="BaseResultMap" parameterType="java.lang.Integer" >
    select 
    <include refid="Base_Column_List" />
    from finance
    where fId = #{fid,jdbcType=INTEGER}
  </select>
  <delete id="deleteByPrimaryKey" parameterType="java.lang.Integer" >
    delete from finance
    where fId = #{fid,jdbcType=INTEGER}
  </delete>
  <delete id="deleteByExample" parameterType="com.lunxuryshop.pojo.FinanceExample" >
    delete from finance
    <if test="_parameter != null" >
      <include refid="Example_Where_Clause" />
    </if>
  </delete>
  <insert id="insert" parameterType="com.lunxuryshop.pojo.Finance" >
    insert into finance (fId, batin, typein, 
      quain, sumin, dayin, time
      )
    values (#{fid,jdbcType=INTEGER}, #{batin,jdbcType=REAL}, #{typein,jdbcType=REAL}, 
      #{quain,jdbcType=REAL}, #{sumin,jdbcType=REAL}, #{dayin,jdbcType=REAL}, #{time,jdbcType=DATE}
      )
  </insert>
  <insert id="insertSelective" parameterType="com.lunxuryshop.pojo.Finance" >
    insert into finance
    <trim prefix="(" suffix=")" suffixOverrides="," >
      <if test="fid != null" >
        fId,
      </if>
      <if test="batin != null" >
        batin,
      </if>
      <if test="typein != null" >
        typein,
      </if>
      <if test="quain != null" >
        quain,
      </if>
      <if test="sumin != null" >
        sumin,
      </if>
      <if test="dayin != null" >
        dayin,
      </if>
      <if test="time != null" >
        time,
      </if>
    </trim>
    <trim prefix="values (" suffix=")" suffixOverrides="," >
      <if test="fid != null" >
        #{fid,jdbcType=INTEGER},
      </if>
      <if test="batin != null" >
        #{batin,jdbcType=REAL},
      </if>
      <if test="typein != null" >
        #{typein,jdbcType=REAL},
      </if>
      <if test="quain != null" >
        #{quain,jdbcType=REAL},
      </if>
      <if test="sumin != null" >
        #{sumin,jdbcType=REAL},
      </if>
      <if test="dayin != null" >
        #{dayin,jdbcType=REAL},
      </if>
      <if test="time != null" >
        #{time,jdbcType=DATE},
      </if>
    </trim>
  </insert>
  <select id="countByExample" parameterType="com.lunxuryshop.pojo.FinanceExample" resultType="java.lang.Integer" >
    select count(*) from finance
    <if test="_parameter != null" >
      <include refid="Example_Where_Clause" />
    </if>
  </select>
  <update id="updateByExampleSelective" parameterType="map" >
    update finance
    <set >
      <if test="record.fid != null" >
        fId = #{record.fid,jdbcType=INTEGER},
      </if>
      <if test="record.batin != null" >
        batin = #{record.batin,jdbcType=REAL},
      </if>
      <if test="record.typein != null" >
        typein = #{record.typein,jdbcType=REAL},
      </if>
      <if test="record.quain != null" >
        quain = #{record.quain,jdbcType=REAL},
      </if>
      <if test="record.sumin != null" >
        sumin = #{record.sumin,jdbcType=REAL},
      </if>
      <if test="record.dayin != null" >
        dayin = #{record.dayin,jdbcType=REAL},
      </if>
      <if test="record.time != null" >
        time = #{record.time,jdbcType=DATE},
      </if>
    </set>
    <if test="_parameter != null" >
      <include refid="Update_By_Example_Where_Clause" />
    </if>
  </update>
  <update id="updateByExample" parameterType="map" >
    update finance
    set fId = #{record.fid,jdbcType=INTEGER},
      batin = #{record.batin,jdbcType=REAL},
      typein = #{record.typein,jdbcType=REAL},
      quain = #{record.quain,jdbcType=REAL},
      sumin = #{record.sumin,jdbcType=REAL},
      dayin = #{record.dayin,jdbcType=REAL},
      time = #{record.time,jdbcType=DATE}
    <if test="_parameter != null" >
      <include refid="Update_By_Example_Where_Clause" />
    </if>
  </update>
  <update id="updateByPrimaryKeySelective" parameterType="com.lunxuryshop.pojo.Finance" >
    update finance
    <set >
      <if test="batin != null" >
        batin = #{batin,jdbcType=REAL},
      </if>
      <if test="typein != null" >
        typein = #{typein,jdbcType=REAL},
      </if>
      <if test="quain != null" >
        quain = #{quain,jdbcType=REAL},
      </if>
      <if test="sumin != null" >
        sumin = #{sumin,jdbcType=REAL},
      </if>
      <if test="dayin != null" >
        dayin = #{dayin,jdbcType=REAL},
      </if>
      <if test="time != null" >
        time = #{time,jdbcType=DATE},
      </if>
    </set>
    where fId = #{fid,jdbcType=INTEGER}
  </update>
  <update id="updateByPrimaryKey" parameterType="com.lunxuryshop.pojo.Finance" >
    update finance
    set batin = #{batin,jdbcType=REAL},
      typein = #{typein,jdbcType=REAL},
      quain = #{quain,jdbcType=REAL},
      sumin = #{sumin,jdbcType=REAL},
      dayin = #{dayin,jdbcType=REAL},
      time = #{time,jdbcType=DATE}
    where fId = #{fid,jdbcType=INTEGER}
  </update>
</mapper>