<?xml version="1.0" encoding="UTF-8" ?>
<!DOCTYPE mapper PUBLIC "-//mybatis.org//DTD Mapper 3.0//EN" "http://mybatis.org/dtd/mybatis-3-mapper.dtd" >
<mapper namespace="com.lunxuryshop.mapper.GoodsMapper" >
  <resultMap id="BaseResultMap" type="com.lunxuryshop.pojo.Goods" >
    <id column="gId" property="gid" jdbcType="INTEGER" />
    <result column="goodsName" property="goodsname" jdbcType="VARCHAR" />
    <result column="price" property="price" jdbcType="REAL" />
    <result column="attributeId" property="attributeid" jdbcType="INTEGER" />
    <result column="information" property="information" jdbcType="VARCHAR" />
    <result column="Number" property="number" jdbcType="INTEGER" />
    <result column="gstate" property="gstate" jdbcType="INTEGER" />
    <result column="dicount" property="dicount" jdbcType="REAL" />
  </resultMap>
  <resultMap id="ResultMapWithBLOBs" type="com.lunxuryshop.pojo.Goods" extends="BaseResultMap" >
    <result column="picture" property="picture" jdbcType="LONGVARBINARY" />
  </resultMap>
  <sql id="Example_Where_Clause" >
    <where >
      <foreach collection="oredCriteria" item="criteria" separator="or" >
        <if test="criteria.valid" >
          <trim prefix="(" suffix=")" prefixOverrides="and" >
            <foreach collection="criteria.criteria" item="criterion" >
              <choose >
                <when test="criterion.noValue" >
                  and ${criterion.condition}
                </when>
                <when test="criterion.singleValue" >
                  and ${criterion.condition} #{criterion.value}
                </when>
                <when test="criterion.betweenValue" >
                  and ${criterion.condition} #{criterion.value} and #{criterion.secondValue}
                </when>
                <when test="criterion.listValue" >
                  and ${criterion.condition}
                  <foreach collection="criterion.value" item="listItem" open="(" close=")" separator="," >
                    #{listItem}
                  </foreach>
                </when>
              </choose>
            </foreach>
          </trim>
        </if>
      </foreach>
    </where>
  </sql>
  <sql id="Update_By_Example_Where_Clause" >
    <where >
      <foreach collection="example.oredCriteria" item="criteria" separator="or" >
        <if test="criteria.valid" >
          <trim prefix="(" suffix=")" prefixOverrides="and" >
            <foreach collection="criteria.criteria" item="criterion" >
              <choose >
                <when test="criterion.noValue" >
                  and ${criterion.condition}
                </when>
                <when test="criterion.singleValue" >
                  and ${criterion.condition} #{criterion.value}
                </when>
                <when test="criterion.betweenValue" >
                  and ${criterion.condition} #{criterion.value} and #{criterion.secondValue}
                </when>
                <when test="criterion.listValue" >
                  and ${criterion.condition}
                  <foreach collection="criterion.value" item="listItem" open="(" close=")" separator="," >
                    #{listItem}
                  </foreach>
                </when>
              </choose>
            </foreach>
          </trim>
        </if>
      </foreach>
    </where>
  </sql>
  <sql id="Base_Column_List" >
    gId, goodsName, price, attributeId, information, Number, gstate, dicount
  </sql>
  <sql id="Blob_Column_List" >
    picture
  </sql>
  <select id="selectByExampleWithBLOBs" resultMap="ResultMapWithBLOBs" parameterType="com.lunxuryshop.pojo.GoodsExample" >
    select
    <if test="distinct" >
      distinct
    </if>
    <include refid="Base_Column_List" />
    ,
    <include refid="Blob_Column_List" />
    from goods
    <if test="_parameter != null" >
      <include refid="Example_Where_Clause" />
    </if>
    <if test="orderByClause != null" >
      order by ${orderByClause}
    </if>
  </select>
  <select id="selectByExample" resultMap="BaseResultMap" parameterType="com.lunxuryshop.pojo.GoodsExample" >
    select
    <if test="distinct" >
      distinct
    </if>
    <include refid="Base_Column_List" />
    from goods
    <if test="_parameter != null" >
      <include refid="Example_Where_Clause" />
    </if>
    <if test="orderByClause != null" >
      order by ${orderByClause}
    </if>
  </select>
  <select id="selectByPrimaryKey" resultMap="ResultMapWithBLOBs" parameterType="java.lang.Integer" >
    select 
    <include refid="Base_Column_List" />
    ,
    <include refid="Blob_Column_List" />
    from goods
    where gId = #{gid,jdbcType=INTEGER}
  </select>
  <delete id="deleteByPrimaryKey" parameterType="java.lang.Integer" >
    delete from goods
    where gId = #{gid,jdbcType=INTEGER}
  </delete>
  <delete id="deleteByExample" parameterType="com.lunxuryshop.pojo.GoodsExample" >
    delete from goods
    <if test="_parameter != null" >
      <include refid="Example_Where_Clause" />
    </if>
  </delete>
  <insert id="insert" parameterType="com.lunxuryshop.pojo.Goods" >
    insert into goods (gId, goodsName, price, 
      attributeId, information, Number, 
      gstate, dicount, picture
      )
    values (#{gid,jdbcType=INTEGER}, #{goodsname,jdbcType=VARCHAR}, #{price,jdbcType=REAL}, 
      #{attributeid,jdbcType=INTEGER}, #{information,jdbcType=VARCHAR}, #{number,jdbcType=INTEGER}, 
      #{gstate,jdbcType=INTEGER}, #{dicount,jdbcType=REAL}, #{picture,jdbcType=LONGVARBINARY}
      )
  </insert>
  <insert id="insertSelective" parameterType="com.lunxuryshop.pojo.Goods" >
    insert into goods
    <trim prefix="(" suffix=")" suffixOverrides="," >
      <if test="gid != null" >
        gId,
      </if>
      <if test="goodsname != null" >
        goodsName,
      </if>
      <if test="price != null" >
        price,
      </if>
      <if test="attributeid != null" >
        attributeId,
      </if>
      <if test="information != null" >
        information,
      </if>
      <if test="number != null" >
        Number,
      </if>
      <if test="gstate != null" >
        gstate,
      </if>
      <if test="dicount != null" >
        dicount,
      </if>
      <if test="picture != null" >
        picture,
      </if>
    </trim>
    <trim prefix="values (" suffix=")" suffixOverrides="," >
      <if test="gid != null" >
        #{gid,jdbcType=INTEGER},
      </if>
      <if test="goodsname != null" >
        #{goodsname,jdbcType=VARCHAR},
      </if>
      <if test="price != null" >
        #{price,jdbcType=REAL},
      </if>
      <if test="attributeid != null" >
        #{attributeid,jdbcType=INTEGER},
      </if>
      <if test="information != null" >
        #{information,jdbcType=VARCHAR},
      </if>
      <if test="number != null" >
        #{number,jdbcType=INTEGER},
      </if>
      <if test="gstate != null" >
        #{gstate,jdbcType=INTEGER},
      </if>
      <if test="dicount != null" >
        #{dicount,jdbcType=REAL},
      </if>
      <if test="picture != null" >
        #{picture,jdbcType=LONGVARBINARY},
      </if>
    </trim>
  </insert>
  <select id="countByExample" parameterType="com.lunxuryshop.pojo.GoodsExample" resultType="java.lang.Integer" >
    select count(*) from goods
    <if test="_parameter != null" >
      <include refid="Example_Where_Clause" />
    </if>
  </select>
  <update id="updateByExampleSelective" parameterType="map" >
    update goods
    <set >
      <if test="record.gid != null" >
        gId = #{record.gid,jdbcType=INTEGER},
      </if>
      <if test="record.goodsname != null" >
        goodsName = #{record.goodsname,jdbcType=VARCHAR},
      </if>
      <if test="record.price != null" >
        price = #{record.price,jdbcType=REAL},
      </if>
      <if test="record.attributeid != null" >
        attributeId = #{record.attributeid,jdbcType=INTEGER},
      </if>
      <if test="record.information != null" >
        information = #{record.information,jdbcType=VARCHAR},
      </if>
      <if test="record.number != null" >
        Number = #{record.number,jdbcType=INTEGER},
      </if>
      <if test="record.gstate != null" >
        gstate = #{record.gstate,jdbcType=INTEGER},
      </if>
      <if test="record.dicount != null" >
        dicount = #{record.dicount,jdbcType=REAL},
      </if>
      <if test="record.picture != null" >
        picture = #{record.picture,jdbcType=LONGVARBINARY},
      </if>
    </set>
    <if test="_parameter != null" >
      <include refid="Update_By_Example_Where_Clause" />
    </if>
  </update>
  <update id="updateByExampleWithBLOBs" parameterType="map" >
    update goods
    set gId = #{record.gid,jdbcType=INTEGER},
      goodsName = #{record.goodsname,jdbcType=VARCHAR},
      price = #{record.price,jdbcType=REAL},
      attributeId = #{record.attributeid,jdbcType=INTEGER},
      information = #{record.information,jdbcType=VARCHAR},
      Number = #{record.number,jdbcType=INTEGER},
      gstate = #{record.gstate,jdbcType=INTEGER},
      dicount = #{record.dicount,jdbcType=REAL},
      picture = #{record.picture,jdbcType=LONGVARBINARY}
    <if test="_parameter != null" >
      <include refid="Update_By_Example_Where_Clause" />
    </if>
  </update>
  <update id="updateByExample" parameterType="map" >
    update goods
    set gId = #{record.gid,jdbcType=INTEGER},
      goodsName = #{record.goodsname,jdbcType=VARCHAR},
      price = #{record.price,jdbcType=REAL},
      attributeId = #{record.attributeid,jdbcType=INTEGER},
      information = #{record.information,jdbcType=VARCHAR},
      Number = #{record.number,jdbcType=INTEGER},
      gstate = #{record.gstate,jdbcType=INTEGER},
      dicount = #{record.dicount,jdbcType=REAL}
    <if test="_parameter != null" >
      <include refid="Update_By_Example_Where_Clause" />
    </if>
  </update>
  <update id="updateByPrimaryKeySelective" parameterType="com.lunxuryshop.pojo.Goods" >
    update goods
    <set >
      <if test="goodsname != null" >
        goodsName = #{goodsname,jdbcType=VARCHAR},
      </if>
      <if test="price != null" >
        price = #{price,jdbcType=REAL},
      </if>
      <if test="attributeid != null" >
        attributeId = #{attributeid,jdbcType=INTEGER},
      </if>
      <if test="information != null" >
        information = #{information,jdbcType=VARCHAR},
      </if>
      <if test="number != null" >
        Number = #{number,jdbcType=INTEGER},
      </if>
      <if test="gstate != null" >
        gstate = #{gstate,jdbcType=INTEGER},
      </if>
      <if test="dicount != null" >
        dicount = #{dicount,jdbcType=REAL},
      </if>
      <if test="picture != null" >
        picture = #{picture,jdbcType=LONGVARBINARY},
      </if>
    </set>
    where gId = #{gid,jdbcType=INTEGER}
  </update>
  <update id="updateByPrimaryKeyWithBLOBs" parameterType="com.lunxuryshop.pojo.Goods" >
    update goods
    set goodsName = #{goodsname,jdbcType=VARCHAR},
      price = #{price,jdbcType=REAL},
      attributeId = #{attributeid,jdbcType=INTEGER},
      information = #{information,jdbcType=VARCHAR},
      Number = #{number,jdbcType=INTEGER},
      gstate = #{gstate,jdbcType=INTEGER},
      dicount = #{dicount,jdbcType=REAL},
      picture = #{picture,jdbcType=LONGVARBINARY}
    where gId = #{gid,jdbcType=INTEGER}
  </update>
  <update id="updateByPrimaryKey" parameterType="com.lunxuryshop.pojo.Goods" >
    update goods
    set goodsName = #{goodsname,jdbcType=VARCHAR},
      price = #{price,jdbcType=REAL},
      attributeId = #{attributeid,jdbcType=INTEGER},
      information = #{information,jdbcType=VARCHAR},
      Number = #{number,jdbcType=INTEGER},
      gstate = #{gstate,jdbcType=INTEGER},
      dicount = #{dicount,jdbcType=REAL}
    where gId = #{gid,jdbcType=INTEGER}
  </update>
  
  
  <select id="selectAll" resultType="com.lunxuryshop.pojo.Goods">
  SELECT * FROM goods
  </select>
  <select id="selectPriceAndName" parameterType="int" resultType="com.lunxuryshop.pojo.Goods">
  select * from goods where gId=#{gid}
  </select>
  
  <select id="selectNum" parameterType="int" resultType="int">
  SELECT Number FROM goods WHERE gId=#{gid};
  </select>
  
  
</mapper>