<?xml version="1.0" encoding="UTF-8" ?>
<!DOCTYPE mapper PUBLIC "-//mybatis.org//DTD Mapper 3.0//EN" "http://mybatis.org/dtd/mybatis-3-mapper.dtd" >
<mapper namespace="com.lunxuryshop.mapper.ItemMapper" >
  <resultMap id="BaseResultMap" type="com.lunxuryshop.pojo.Item" >
    <id column="itemId" property="itemid" jdbcType="INTEGER" />
    <result column="userId" property="userid" jdbcType="INTEGER" />
    <result column="gId" property="gid" jdbcType="INTEGER" />
    <result column="num" property="num" jdbcType="INTEGER" />
    <result column="price" property="price" jdbcType="DOUBLE" />
  </resultMap>
  <sql id="Example_Where_Clause" >
    <where >
      <foreach collection="oredCriteria" item="criteria" separator="or" >
        <if test="criteria.valid" >
          <trim prefix="(" suffix=")" prefixOverrides="and" >
            <foreach collection="criteria.criteria" item="criterion" >
              <choose >
                <when test="criterion.noValue" >
                  and ${criterion.condition}
                </when>
                <when test="criterion.singleValue" >
                  and ${criterion.condition} #{criterion.value}
                </when>
                <when test="criterion.betweenValue" >
                  and ${criterion.condition} #{criterion.value} and #{criterion.secondValue}
                </when>
                <when test="criterion.listValue" >
                  and ${criterion.condition}
                  <foreach collection="criterion.value" item="listItem" open="(" close=")" separator="," >
                    #{listItem}
                  </foreach>
                </when>
              </choose>
            </foreach>
          </trim>
        </if>
      </foreach>
    </where>
  </sql>
  <sql id="Update_By_Example_Where_Clause" >
    <where >
      <foreach collection="example.oredCriteria" item="criteria" separator="or" >
        <if test="criteria.valid" >
          <trim prefix="(" suffix=")" prefixOverrides="and" >
            <foreach collection="criteria.criteria" item="criterion" >
              <choose >
                <when test="criterion.noValue" >
                  and ${criterion.condition}
                </when>
                <when test="criterion.singleValue" >
                  and ${criterion.condition} #{criterion.value}
                </when>
                <when test="criterion.betweenValue" >
                  and ${criterion.condition} #{criterion.value} and #{criterion.secondValue}
                </when>
                <when test="criterion.listValue" >
                  and ${criterion.condition}
                  <foreach collection="criterion.value" item="listItem" open="(" close=")" separator="," >
                    #{listItem}
                  </foreach>
                </when>
              </choose>
            </foreach>
          </trim>
        </if>
      </foreach>
    </where>
  </sql>
  <sql id="Base_Column_List" >
    itemId, userId, gId, num, price
  </sql>
  <select id="selectByExample" resultMap="BaseResultMap" parameterType="com.lunxuryshop.pojo.ItemExample" >
    select
    <if test="distinct" >
      distinct
    </if>
    <include refid="Base_Column_List" />
    from item
    <if test="_parameter != null" >
      <include refid="Example_Where_Clause" />
    </if>
    <if test="orderByClause != null" >
      order by ${orderByClause}
    </if>
  </select>
  <select id="selectByPrimaryKey" resultMap="BaseResultMap" parameterType="java.lang.Integer" >
    select 
    <include refid="Base_Column_List" />
    from item
    where itemId = #{itemid,jdbcType=INTEGER}
  </select>
  <delete id="deleteByPrimaryKey" parameterType="java.lang.Integer" >
    delete from item
    where itemId = #{itemid,jdbcType=INTEGER}
  </delete>
  <delete id="deleteByExample" parameterType="com.lunxuryshop.pojo.ItemExample" >
    delete from item
    <if test="_parameter != null" >
      <include refid="Example_Where_Clause" />
    </if>
  </delete>
  <insert id="insert" parameterType="com.lunxuryshop.pojo.Item" >
    insert into item (itemId, userId, gId, 
      num, price)
    values (#{itemid,jdbcType=INTEGER}, #{userid,jdbcType=INTEGER}, #{gid,jdbcType=INTEGER}, 
      #{num,jdbcType=INTEGER}, #{price,jdbcType=DOUBLE})
  </insert>
  <insert id="insertSelective" parameterType="com.lunxuryshop.pojo.Item" >
    insert into item
    <trim prefix="(" suffix=")" suffixOverrides="," >
      <if test="itemid != null" >
        itemId,
      </if>
      <if test="userid != null" >
        userId,
      </if>
      <if test="gid != null" >
        gId,
      </if>
      <if test="num != null" >
        num,
      </if>
      <if test="price != null" >
        price,
      </if>
    </trim>
    <trim prefix="values (" suffix=")" suffixOverrides="," >
      <if test="itemid != null" >
        #{itemid,jdbcType=INTEGER},
      </if>
      <if test="userid != null" >
        #{userid,jdbcType=INTEGER},
      </if>
      <if test="gid != null" >
        #{gid,jdbcType=INTEGER},
      </if>
      <if test="num != null" >
        #{num,jdbcType=INTEGER},
      </if>
      <if test="price != null" >
        #{price,jdbcType=DOUBLE},
      </if>
    </trim>
  </insert>
  <select id="countByExample" parameterType="com.lunxuryshop.pojo.Item" resultType="java.lang.Integer" >
    select count(*) from item
    <if test="_parameter != null" >
      <include refid="Example_Where_Clause" />
    </if>
  </select>
  <update id="updateByExampleSelective" parameterType="map" >
    update item
    <set >
      <if test="record.itemid != null" >
        itemId = #{record.itemid,jdbcType=INTEGER},
      </if>
      <if test="record.userid != null" >
        userId = #{record.userid,jdbcType=INTEGER},
      </if>
      <if test="record.gid != null" >
        gId = #{record.gid,jdbcType=INTEGER},
      </if>
      <if test="record.num != null" >
        num = #{record.num,jdbcType=INTEGER},
      </if>
      <if test="record.price != null" >
        price = #{record.price,jdbcType=DOUBLE},
      </if>
    </set>
    <if test="_parameter != null" >
      <include refid="Update_By_Example_Where_Clause" />
    </if>
  </update>
  <update id="updateByExample" parameterType="map" >
    update item
    set itemId = #{record.itemid,jdbcType=INTEGER},
      userId = #{record.userid,jdbcType=INTEGER},
      gId = #{record.gid,jdbcType=INTEGER},
      num = #{record.num,jdbcType=INTEGER},
      price = #{record.price,jdbcType=DOUBLE}
    <if test="_parameter != null" >
      <include refid="Update_By_Example_Where_Clause" />
    </if>
  </update>
  <update id="updateByPrimaryKeySelective" parameterType="com.lunxuryshop.pojo.Item" >
    update item
    <set >
      <if test="userid != null" >
        userId = #{userid,jdbcType=INTEGER},
      </if>
      <if test="gid != null" >
        gId = #{gid,jdbcType=INTEGER},
      </if>
      <if test="num != null" >
        num = #{num,jdbcType=INTEGER},
      </if>
      <if test="price != null" >
        price = #{price,jdbcType=DOUBLE},
      </if>
    </set>
    where itemId = #{itemid,jdbcType=INTEGER}
  </update>
  <update id="updateByPrimaryKey" parameterType="com.lunxuryshop.pojo.Item" >
    update item
    set userId = #{userid,jdbcType=INTEGER},
      gId = #{gid,jdbcType=INTEGER},
      num = #{num,jdbcType=INTEGER},
      price = #{price,jdbcType=DOUBLE}
    where itemId = #{itemid,jdbcType=INTEGER}
  </update>
  
  <insert id="insertItem" parameterType="com.lunxuryshop.pojo.Item">
  insert into item values(#{itemid},#{userid},#{gid},#{num},#{price})
  </insert>
  
  
</mapper>