<?xml version="1.0" encoding="UTF-8" ?>
<!DOCTYPE mapper PUBLIC "-//mybatis.org//DTD Mapper 3.0//EN" "http://mybatis.org/dtd/mybatis-3-mapper.dtd" >
<mapper namespace="com.lunxuryshop.mapper.JudgeMapper" >
  <resultMap id="BaseResultMap" type="com.lunxuryshop.pojo.Judge" >
    <id column="Jid" property="jid" jdbcType="INTEGER" />
    <result column="sorce" property="sorce" jdbcType="INTEGER" />
    <result column="uid" property="uid" jdbcType="INTEGER" />
    <result column="gid" property="gid" jdbcType="INTEGER" />
  </resultMap>
  <resultMap id="ResultMapWithBLOBs" type="com.lunxuryshop.pojo.Judge" extends="BaseResultMap" >
    <result column="jpicture" property="jpicture" jdbcType="LONGVARBINARY" />
  </resultMap>
  <sql id="Example_Where_Clause" >
    <where >
      <foreach collection="oredCriteria" item="criteria" separator="or" >
        <if test="criteria.valid" >
          <trim prefix="(" suffix=")" prefixOverrides="and" >
            <foreach collection="criteria.criteria" item="criterion" >
              <choose >
                <when test="criterion.noValue" >
                  and ${criterion.condition}
                </when>
                <when test="criterion.singleValue" >
                  and ${criterion.condition} #{criterion.value}
                </when>
                <when test="criterion.betweenValue" >
                  and ${criterion.condition} #{criterion.value} and #{criterion.secondValue}
                </when>
                <when test="criterion.listValue" >
                  and ${criterion.condition}
                  <foreach collection="criterion.value" item="listItem" open="(" close=")" separator="," >
                    #{listItem}
                  </foreach>
                </when>
              </choose>
            </foreach>
          </trim>
        </if>
      </foreach>
    </where>
  </sql>
  <sql id="Update_By_Example_Where_Clause" >
    <where >
      <foreach collection="example.oredCriteria" item="criteria" separator="or" >
        <if test="criteria.valid" >
          <trim prefix="(" suffix=")" prefixOverrides="and" >
            <foreach collection="criteria.criteria" item="criterion" >
              <choose >
                <when test="criterion.noValue" >
                  and ${criterion.condition}
                </when>
                <when test="criterion.singleValue" >
                  and ${criterion.condition} #{criterion.value}
                </when>
                <when test="criterion.betweenValue" >
                  and ${criterion.condition} #{criterion.value} and #{criterion.secondValue}
                </when>
                <when test="criterion.listValue" >
                  and ${criterion.condition}
                  <foreach collection="criterion.value" item="listItem" open="(" close=")" separator="," >
                    #{listItem}
                  </foreach>
                </when>
              </choose>
            </foreach>
          </trim>
        </if>
      </foreach>
    </where>
  </sql>
  <sql id="Base_Column_List" >
    Jid, sorce, uid, gid
  </sql>
  <sql id="Blob_Column_List" >
    jpicture
  </sql>
  <select id="selectByExampleWithBLOBs" resultMap="ResultMapWithBLOBs" parameterType="com.lunxuryshop.pojo.JudgeExample" >
    select
    <if test="distinct" >
      distinct
    </if>
    <include refid="Base_Column_List" />
    ,
    <include refid="Blob_Column_List" />
    from judge
    <if test="_parameter != null" >
      <include refid="Example_Where_Clause" />
    </if>
    <if test="orderByClause != null" >
      order by ${orderByClause}
    </if>
  </select>
  <select id="selectByExample" resultMap="BaseResultMap" parameterType="com.lunxuryshop.pojo.JudgeExample" >
    select
    <if test="distinct" >
      distinct
    </if>
    <include refid="Base_Column_List" />
    from judge
    <if test="_parameter != null" >
      <include refid="Example_Where_Clause" />
    </if>
    <if test="orderByClause != null" >
      order by ${orderByClause}
    </if>
  </select>
  <select id="selectByPrimaryKey" resultMap="ResultMapWithBLOBs" parameterType="java.lang.Integer" >
    select 
    <include refid="Base_Column_List" />
    ,
    <include refid="Blob_Column_List" />
    from judge
    where Jid = #{jid,jdbcType=INTEGER}
  </select>
  <delete id="deleteByPrimaryKey" parameterType="java.lang.Integer" >
    delete from judge
    where Jid = #{jid,jdbcType=INTEGER}
  </delete>
  <delete id="deleteByExample" parameterType="com.lunxuryshop.pojo.JudgeExample" >
    delete from judge
    <if test="_parameter != null" >
      <include refid="Example_Where_Clause" />
    </if>
  </delete>
  <insert id="insert" parameterType="com.lunxuryshop.pojo.Judge" >
    insert into judge (Jid, sorce, uid, 
      gid, jpicture)
    values (#{jid,jdbcType=INTEGER}, #{sorce,jdbcType=INTEGER}, #{uid,jdbcType=INTEGER}, 
      #{gid,jdbcType=INTEGER}, #{jpicture,jdbcType=LONGVARBINARY})
  </insert>
  <insert id="insertSelective" parameterType="com.lunxuryshop.pojo.Judge" >
    insert into judge
    <trim prefix="(" suffix=")" suffixOverrides="," >
      <if test="jid != null" >
        Jid,
      </if>
      <if test="sorce != null" >
        sorce,
      </if>
      <if test="uid != null" >
        uid,
      </if>
      <if test="gid != null" >
        gid,
      </if>
      <if test="jpicture != null" >
        jpicture,
      </if>
    </trim>
    <trim prefix="values (" suffix=")" suffixOverrides="," >
      <if test="jid != null" >
        #{jid,jdbcType=INTEGER},
      </if>
      <if test="sorce != null" >
        #{sorce,jdbcType=INTEGER},
      </if>
      <if test="uid != null" >
        #{uid,jdbcType=INTEGER},
      </if>
      <if test="gid != null" >
        #{gid,jdbcType=INTEGER},
      </if>
      <if test="jpicture != null" >
        #{jpicture,jdbcType=LONGVARBINARY},
      </if>
    </trim>
  </insert>
  <select id="countByExample" parameterType="com.lunxuryshop.pojo.JudgeExample" resultType="java.lang.Integer" >
    select count(*) from judge
    <if test="_parameter != null" >
      <include refid="Example_Where_Clause" />
    </if>
  </select>
  <update id="updateByExampleSelective" parameterType="map" >
    update judge
    <set >
      <if test="record.jid != null" >
        Jid = #{record.jid,jdbcType=INTEGER},
      </if>
      <if test="record.sorce != null" >
        sorce = #{record.sorce,jdbcType=INTEGER},
      </if>
      <if test="record.uid != null" >
        uid = #{record.uid,jdbcType=INTEGER},
      </if>
      <if test="record.gid != null" >
        gid = #{record.gid,jdbcType=INTEGER},
      </if>
      <if test="record.jpicture != null" >
        jpicture = #{record.jpicture,jdbcType=LONGVARBINARY},
      </if>
    </set>
    <if test="_parameter != null" >
      <include refid="Update_By_Example_Where_Clause" />
    </if>
  </update>
  <update id="updateByExampleWithBLOBs" parameterType="map" >
    update judge
    set Jid = #{record.jid,jdbcType=INTEGER},
      sorce = #{record.sorce,jdbcType=INTEGER},
      uid = #{record.uid,jdbcType=INTEGER},
      gid = #{record.gid,jdbcType=INTEGER},
      jpicture = #{record.jpicture,jdbcType=LONGVARBINARY}
    <if test="_parameter != null" >
      <include refid="Update_By_Example_Where_Clause" />
    </if>
  </update>
  <update id="updateByExample" parameterType="map" >
    update judge
    set Jid = #{record.jid,jdbcType=INTEGER},
      sorce = #{record.sorce,jdbcType=INTEGER},
      uid = #{record.uid,jdbcType=INTEGER},
      gid = #{record.gid,jdbcType=INTEGER}
    <if test="_parameter != null" >
      <include refid="Update_By_Example_Where_Clause" />
    </if>
  </update>
  <update id="updateByPrimaryKeySelective" parameterType="com.lunxuryshop.pojo.Judge" >
    update judge
    <set >
      <if test="sorce != null" >
        sorce = #{sorce,jdbcType=INTEGER},
      </if>
      <if test="uid != null" >
        uid = #{uid,jdbcType=INTEGER},
      </if>
      <if test="gid != null" >
        gid = #{gid,jdbcType=INTEGER},
      </if>
      <if test="jpicture != null" >
        jpicture = #{jpicture,jdbcType=LONGVARBINARY},
      </if>
    </set>
    where Jid = #{jid,jdbcType=INTEGER}
  </update>
  <update id="updateByPrimaryKeyWithBLOBs" parameterType="com.lunxuryshop.pojo.Judge" >
    update judge
    set sorce = #{sorce,jdbcType=INTEGER},
      uid = #{uid,jdbcType=INTEGER},
      gid = #{gid,jdbcType=INTEGER},
      jpicture = #{jpicture,jdbcType=LONGVARBINARY}
    where Jid = #{jid,jdbcType=INTEGER}
  </update>
  <update id="updateByPrimaryKey" parameterType="com.lunxuryshop.pojo.Judge" >
    update judge
    set sorce = #{sorce,jdbcType=INTEGER},
      uid = #{uid,jdbcType=INTEGER},
      gid = #{gid,jdbcType=INTEGER}
    where Jid = #{jid,jdbcType=INTEGER}
  </update>
</mapper>