<?xml version="1.0" encoding="UTF-8" ?>
<!DOCTYPE mapper PUBLIC "-//mybatis.org//DTD Mapper 3.0//EN" "http://mybatis.org/dtd/mybatis-3-mapper.dtd" >
<mapper namespace="com.lunxuryshop.mapper.OrderMapper" >
  <resultMap id="BaseResultMap" type="com.lunxuryshop.pojo.Order" >
    <id column="oId" property="oid" jdbcType="INTEGER" />
    <id column="itemId" property="itemid" jdbcType="INTEGER" />
    <result column="userId" property="userid" jdbcType="INTEGER" />
    <result column="date" property="date" jdbcType="DATE" />
    <result column="flag" property="flag" jdbcType="INTEGER" />
  </resultMap>
  <sql id="Example_Where_Clause" >
    <where >
      <foreach collection="oredCriteria" item="criteria" separator="or" >
        <if test="criteria.valid" >
          <trim prefix="(" suffix=")" prefixOverrides="and" >
            <foreach collection="criteria.criteria" item="criterion" >
              <choose >
                <when test="criterion.noValue" >
                  and ${criterion.condition}
                </when>
                <when test="criterion.singleValue" >
                  and ${criterion.condition} #{criterion.value}
                </when>
                <when test="criterion.betweenValue" >
                  and ${criterion.condition} #{criterion.value} and #{criterion.secondValue}
                </when>
                <when test="criterion.listValue" >
                  and ${criterion.condition}
                  <foreach collection="criterion.value" item="listItem" open="(" close=")" separator="," >
                    #{listItem}
                  </foreach>
                </when>
              </choose>
            </foreach>
          </trim>
        </if>
      </foreach>
    </where>
  </sql>
  <sql id="Update_By_Example_Where_Clause" >
    <where >
      <foreach collection="example.oredCriteria" item="criteria" separator="or" >
        <if test="criteria.valid" >
          <trim prefix="(" suffix=")" prefixOverrides="and" >
            <foreach collection="criteria.criteria" item="criterion" >
              <choose >
                <when test="criterion.noValue" >
                  and ${criterion.condition}
                </when>
                <when test="criterion.singleValue" >
                  and ${criterion.condition} #{criterion.value}
                </when>
                <when test="criterion.betweenValue" >
                  and ${criterion.condition} #{criterion.value} and #{criterion.secondValue}
                </when>
                <when test="criterion.listValue" >
                  and ${criterion.condition}
                  <foreach collection="criterion.value" item="listItem" open="(" close=")" separator="," >
                    #{listItem}
                  </foreach>
                </when>
              </choose>
            </foreach>
          </trim>
        </if>
      </foreach>
    </where>
  </sql>
  <sql id="Base_Column_List" >
    oId, itemId, userId, date, flag
  </sql>
  <select id="selectByExample" resultMap="BaseResultMap" parameterType="com.lunxuryshop.pojo.OrderExample" >
    select
    <if test="distinct" >
      distinct
    </if>
    <include refid="Base_Column_List" />
    from order
    <if test="_parameter != null" >
      <include refid="Example_Where_Clause" />
    </if>
    <if test="orderByClause != null" >
      order by ${orderByClause}
    </if>
  </select>
  <select id="selectByPrimaryKey" resultMap="BaseResultMap" parameterType="com.lunxuryshop.pojo.OrderKey" >
    select 
    <include refid="Base_Column_List" />
    from order
    where oId = #{oid,jdbcType=INTEGER}
      and itemId = #{itemid,jdbcType=INTEGER}
  </select>
  <delete id="deleteByPrimaryKey" parameterType="com.lunxuryshop.pojo.OrderKey" >
    delete from order
    where oId = #{oid,jdbcType=INTEGER}
      and itemId = #{itemid,jdbcType=INTEGER}
  </delete>
  <delete id="deleteByExample" parameterType="com.lunxuryshop.pojo.OrderExample" >
    delete from order
    <if test="_parameter != null" >
      <include refid="Example_Where_Clause" />
    </if>
  </delete>
  <insert id="insert" parameterType="com.lunxuryshop.pojo.Order" >
    insert into order (oId, itemId, userId, 
      date, flag)
    values (#{oid,jdbcType=INTEGER}, #{itemid,jdbcType=INTEGER}, #{userid,jdbcType=INTEGER}, 
      #{date,jdbcType=DATE}, #{flag,jdbcType=INTEGER})
  </insert>
  <insert id="insertSelective" parameterType="com.lunxuryshop.pojo.Order" >
    insert into order
    <trim prefix="(" suffix=")" suffixOverrides="," >
      <if test="oid != null" >
        oId,
      </if>
      <if test="itemid != null" >
        itemId,
      </if>
      <if test="userid != null" >
        userId,
      </if>
      <if test="date != null" >
        date,
      </if>
      <if test="flag != null" >
        flag,
      </if>
    </trim>
    <trim prefix="values (" suffix=")" suffixOverrides="," >
      <if test="oid != null" >
        #{oid,jdbcType=INTEGER},
      </if>
      <if test="itemid != null" >
        #{itemid,jdbcType=INTEGER},
      </if>
      <if test="userid != null" >
        #{userid,jdbcType=INTEGER},
      </if>
      <if test="date != null" >
        #{date,jdbcType=DATE},
      </if>
      <if test="flag != null" >
        #{flag,jdbcType=INTEGER},
      </if>
    </trim>
  </insert>
  <select id="countByExample" parameterType="com.lunxuryshop.pojo.OrderExample" resultType="java.lang.Integer" >
    select count(*) from order
    <if test="_parameter != null" >
      <include refid="Example_Where_Clause" />
    </if>
  </select>
  <update id="updateByExampleSelective" parameterType="map" >
    update order
    <set >
      <if test="record.oid != null" >
        oId = #{record.oid,jdbcType=INTEGER},
      </if>
      <if test="record.itemid != null" >
        itemId = #{record.itemid,jdbcType=INTEGER},
      </if>
      <if test="record.userid != null" >
        userId = #{record.userid,jdbcType=INTEGER},
      </if>
      <if test="record.date != null" >
        date = #{record.date,jdbcType=DATE},
      </if>
      <if test="record.flag != null" >
        flag = #{record.flag,jdbcType=INTEGER},
      </if>
    </set>
    <if test="_parameter != null" >
      <include refid="Update_By_Example_Where_Clause" />
    </if>
  </update>
  <update id="updateByExample" parameterType="map" >
    update order
    set oId = #{record.oid,jdbcType=INTEGER},
      itemId = #{record.itemid,jdbcType=INTEGER},
      userId = #{record.userid,jdbcType=INTEGER},
      date = #{record.date,jdbcType=DATE},
      flag = #{record.flag,jdbcType=INTEGER}
    <if test="_parameter != null" >
      <include refid="Update_By_Example_Where_Clause" />
    </if>
  </update>
  <update id="updateByPrimaryKeySelective" parameterType="com.lunxuryshop.pojo.Order" >
    update order
    <set >
      <if test="userid != null" >
        userId = #{userid,jdbcType=INTEGER},
      </if>
      <if test="date != null" >
        date = #{date,jdbcType=DATE},
      </if>
      <if test="flag != null" >
        flag = #{flag,jdbcType=INTEGER},
      </if>
    </set>
    where oId = #{oid,jdbcType=INTEGER}
      and itemId = #{itemid,jdbcType=INTEGER}
  </update>
  <update id="updateByPrimaryKey" parameterType="com.lunxuryshop.pojo.Order" >
    update order
    set userId = #{userid,jdbcType=INTEGER},
      date = #{date,jdbcType=DATE},
      flag = #{flag,jdbcType=INTEGER}
    where oId = #{oid,jdbcType=INTEGER}
      and itemId = #{itemid,jdbcType=INTEGER}
  </update>
  
  <select id="countOrderid" resultType="int">
  SELECT COUNT(DISTINCT(oId)) FROM `order`
  </select>
  <insert id="inserOrder" parameterType="com.lunxuryshop.pojo.Order" >
    INSERT INTO `order`(oId,itemId,userId,date) values(#{oid},#{itemid},#{userid},#{date})
  </insert>
  
  <select id="selectUserOrders" parameterType="int" resultType="com.lunxuryshop.pojo.Order">
  SELECT * FROM `order` where userId=#{userid}
  </select>
  
  
  
  
</mapper>