<?xml version="1.0" encoding="UTF-8" ?>
<!DOCTYPE mapper PUBLIC "-//mybatis.org//DTD Mapper 3.0//EN" "http://mybatis.org/dtd/mybatis-3-mapper.dtd" >
<mapper namespace="com.lunxuryshop.mapper.StoreMapper" >
  <resultMap id="BaseResultMap" type="com.lunxuryshop.pojo.Store" >
    <id column="inId" property="inid" jdbcType="INTEGER" />
    <result column="gId" property="gid" jdbcType="INTEGER" />
    <result column="num" property="num" jdbcType="INTEGER" />
    <result column="size" property="size" jdbcType="VARCHAR" />
    <result column="color" property="color" jdbcType="VARCHAR" />
    <result column="minnum" property="minnum" jdbcType="INTEGER" />
    <result column="typeid" property="typeid" jdbcType="INTEGER" />
  </resultMap>
  <sql id="Example_Where_Clause" >
    <where >
      <foreach collection="oredCriteria" item="criteria" separator="or" >
        <if test="criteria.valid" >
          <trim prefix="(" suffix=")" prefixOverrides="and" >
            <foreach collection="criteria.criteria" item="criterion" >
              <choose >
                <when test="criterion.noValue" >
                  and ${criterion.condition}
                </when>
                <when test="criterion.singleValue" >
                  and ${criterion.condition} #{criterion.value}
                </when>
                <when test="criterion.betweenValue" >
                  and ${criterion.condition} #{criterion.value} and #{criterion.secondValue}
                </when>
                <when test="criterion.listValue" >
                  and ${criterion.condition}
                  <foreach collection="criterion.value" item="listItem" open="(" close=")" separator="," >
                    #{listItem}
                  </foreach>
                </when>
              </choose>
            </foreach>
          </trim>
        </if>
      </foreach>
    </where>
  </sql>
  <sql id="Update_By_Example_Where_Clause" >
    <where >
      <foreach collection="example.oredCriteria" item="criteria" separator="or" >
        <if test="criteria.valid" >
          <trim prefix="(" suffix=")" prefixOverrides="and" >
            <foreach collection="criteria.criteria" item="criterion" >
              <choose >
                <when test="criterion.noValue" >
                  and ${criterion.condition}
                </when>
                <when test="criterion.singleValue" >
                  and ${criterion.condition} #{criterion.value}
                </when>
                <when test="criterion.betweenValue" >
                  and ${criterion.condition} #{criterion.value} and #{criterion.secondValue}
                </when>
                <when test="criterion.listValue" >
                  and ${criterion.condition}
                  <foreach collection="criterion.value" item="listItem" open="(" close=")" separator="," >
                    #{listItem}
                  </foreach>
                </when>
              </choose>
            </foreach>
          </trim>
        </if>
      </foreach>
    </where>
  </sql>
  <sql id="Base_Column_List" >
    inId, gId, num, size, color, minnum, typeid
  </sql>
  
  <!-- 按类型typeid查找store表的信息 -->
  <select id ="selectByTypeid"  resultType="com.lunxuryshop.pojo.Store"  parameterType="java.lang.Integer">
         select i.inid, i.gname, s.num, s.size, s.color, s.minnum, s.state
        from store s , input i   where s.gid = i.gid and
        s.typeid = #{typeid}
  </select>
  
  <!-- 按类型typeid查找store表的信息 -->
  <select id ="selectByInid"  resultType="com.lunxuryshop.pojo.Store"  parameterType="java.lang.Integer">
         select i.inid, i.gname, s.num, s.size, s.color, s.minnum, s.state
        from store s , input i   where s.gid = i.gid and
       i.inid = #{inid}
  </select>
  <!-- 模糊查询 -->
  <select id="vagueSelectShoes"  resultType="com.lunxuryshop.pojo.Store"  parameterType="java.lang.String">
          select i.inid, i.gname, s.num, s.size, s.color, s.minnum, s.state
        from store s , input i   where s.gid = i.gid and
       i.gname like "%"#{gname,jdbcType=VARCHAR}"%"
  </select>
  
  <select id="selectByExample" resultMap="BaseResultMap" parameterType="com.lunxuryshop.pojo.StoreExample" >
    select
    <if test="distinct" >
      distinct
    </if>
    <include refid="Base_Column_List" />
    from store
    <if test="_parameter != null" >
      <include refid="Example_Where_Clause" />
    </if>
    <if test="orderByClause != null" >
      order by ${orderByClause}
    </if>
  </select>
  <select id="selectByPrimaryKey" resultMap="BaseResultMap" parameterType="java.lang.Integer" >
    select 
    <include refid="Base_Column_List" />
    from store 
    where inId = #{inid,jdbcType=INTEGER}
  </select>
  <delete id="deleteByPrimaryKey" parameterType="java.lang.Integer" >
    delete from store
    where inId = #{inid,jdbcType=INTEGER}
  </delete>
  <delete id="deleteByExample" parameterType="com.lunxuryshop.pojo.StoreExample" >
    delete from store
    <if test="_parameter != null" >
      <include refid="Example_Where_Clause" />
    </if>
  </delete>
  <insert id="insert" parameterType="com.lunxuryshop.pojo.Store" >
    insert into store (inId, gId, num, 
      size, color, minnum, 
      typeid)
    values (#{inid,jdbcType=INTEGER}, #{gid,jdbcType=INTEGER}, #{num,jdbcType=INTEGER}, 
      #{size,jdbcType=VARCHAR}, #{color,jdbcType=VARCHAR}, #{minnum,jdbcType=INTEGER}, 
      #{typeid,jdbcType=INTEGER})
  </insert>
  <insert id="insertSelective" parameterType="com.lunxuryshop.pojo.Store" >
    insert into store
    <trim prefix="(" suffix=")" suffixOverrides="," >
      <if test="inid != null" >
        inId,
      </if>
      <if test="gid != null" >
        gId,
      </if>
      <if test="num != null" >
        num,
      </if>
      <if test="size != null" >
        size,
      </if>
      <if test="color != null" >
        color,
      </if>
      <if test="minnum != null" >
        minnum,
      </if>
      <if test="typeid != null" >
        typeid,
      </if>
    </trim>
    <trim prefix="values (" suffix=")" suffixOverrides="," >
      <if test="inid != null" >
        #{inid,jdbcType=INTEGER},
      </if>
      <if test="gid != null" >
        #{gid,jdbcType=INTEGER},
      </if>
      <if test="num != null" >
        #{num,jdbcType=INTEGER},
      </if>
      <if test="size != null" >
        #{size,jdbcType=VARCHAR},
      </if>
      <if test="color != null" >
        #{color,jdbcType=VARCHAR},
      </if>
      <if test="minnum != null" >
        #{minnum,jdbcType=INTEGER},
      </if>
      <if test="typeid != null" >
        #{typeid,jdbcType=INTEGER},
      </if>
    </trim>
  </insert>
  <select id="countByExample" parameterType="com.lunxuryshop.pojo.StoreExample" resultType="java.lang.Integer" >
    select count(*) from store
    <if test="_parameter != null" >
      <include refid="Example_Where_Clause" />
    </if>
  </select>
  <update id="updateByExampleSelective" parameterType="map" >
    update store
    <set >
      <if test="record.inid != null" >
        inId = #{record.inid,jdbcType=INTEGER},
      </if>
      <if test="record.gid != null" >
        gId = #{record.gid,jdbcType=INTEGER},
      </if>
      <if test="record.num != null" >
        num = #{record.num,jdbcType=INTEGER},
      </if>
      <if test="record.size != null" >
        size = #{record.size,jdbcType=VARCHAR},
      </if>
      <if test="record.color != null" >
        color = #{record.color,jdbcType=VARCHAR},
      </if>
      <if test="record.minnum != null" >
        minnum = #{record.minnum,jdbcType=INTEGER},
      </if>
      <if test="record.typeid != null" >
        typeid = #{record.typeid,jdbcType=INTEGER},
      </if>
    </set>
    <if test="_parameter != null" >
      <include refid="Update_By_Example_Where_Clause" />
    </if>
  </update>
  <update id="updateByExample" parameterType="map" >
    update store
    set inId = #{record.inid,jdbcType=INTEGER},
      gId = #{record.gid,jdbcType=INTEGER},
      num = #{record.num,jdbcType=INTEGER},
      size = #{record.size,jdbcType=VARCHAR},
      color = #{record.color,jdbcType=VARCHAR},
      minnum = #{record.minnum,jdbcType=INTEGER},
      typeid = #{record.typeid,jdbcType=INTEGER}
    <if test="_parameter != null" >
      <include refid="Update_By_Example_Where_Clause" />
    </if>
  </update>
  <update id="updateByPrimaryKeySelective" parameterType="com.lunxuryshop.pojo.Store" >
    update store
    <set >
      <if test="gid != null" >
        gId = #{gid,jdbcType=INTEGER},
      </if>
      <if test="num != null" >
        num = #{num,jdbcType=INTEGER},
      </if>
      <if test="size != null" >
        size = #{size,jdbcType=VARCHAR},
      </if>
      <if test="color != null" >
        color = #{color,jdbcType=VARCHAR},
      </if>
      <if test="minnum != null" >
        minnum = #{minnum,jdbcType=INTEGER},
      </if>
      <if test="typeid != null" >
        typeid = #{typeid,jdbcType=INTEGER},
      </if>
    </set>
    where inId = #{inid,jdbcType=INTEGER}
  </update>
  <update id="updateByPrimaryKey" parameterType="com.lunxuryshop.pojo.Store" >
    update store
    set gId = #{gid,jdbcType=INTEGER},
      num = #{num,jdbcType=INTEGER},
      size = #{size,jdbcType=VARCHAR},
      color = #{color,jdbcType=VARCHAR},
      minnum = #{minnum,jdbcType=INTEGER},
      typeid = #{typeid,jdbcType=INTEGER}
    where inId = #{inid,jdbcType=INTEGER}
  </update>
</mapper>