<?xml version="1.0" encoding="UTF-8" ?>
<!DOCTYPE mapper PUBLIC "-//mybatis.org//DTD Mapper 3.0//EN" "http://mybatis.org/dtd/mybatis-3-mapper.dtd" >
<mapper namespace="com.user.mapper.InputMapper" >
  <resultMap id="BaseResultMap" type="com.user.pojo.Input" >
    <id column="inId" property="inid" jdbcType="INTEGER" />
    <result column="gId" property="gid" jdbcType="INTEGER" />
    <result column="price" property="price" jdbcType="INTEGER" />
    <result column="iNumber" property="inumber" jdbcType="INTEGER" />
    <result column="size" property="size" jdbcType="VARCHAR" />
    <result column="color" property="color" jdbcType="VARCHAR" />
    <result column="gname" property="gname" jdbcType="VARCHAR" />
  </resultMap>
  <sql id="Example_Where_Clause" >
    <where >
      <foreach collection="oredCriteria" item="criteria" separator="or" >
        <if test="criteria.valid" >
          <trim prefix="(" suffix=")" prefixOverrides="and" >
            <foreach collection="criteria.criteria" item="criterion" >
              <choose >
                <when test="criterion.noValue" >
                  and ${criterion.condition}
                </when>
                <when test="criterion.singleValue" >
                  and ${criterion.condition} #{criterion.value}
                </when>
                <when test="criterion.betweenValue" >
                  and ${criterion.condition} #{criterion.value} and #{criterion.secondValue}
                </when>
                <when test="criterion.listValue" >
                  and ${criterion.condition}
                  <foreach collection="criterion.value" item="listItem" open="(" close=")" separator="," >
                    #{listItem}
                  </foreach>
                </when>
              </choose>
            </foreach>
          </trim>
        </if>
      </foreach>
    </where>
  </sql>
  <sql id="Update_By_Example_Where_Clause" >
    <where >
      <foreach collection="example.oredCriteria" item="criteria" separator="or" >
        <if test="criteria.valid" >
          <trim prefix="(" suffix=")" prefixOverrides="and" >
            <foreach collection="criteria.criteria" item="criterion" >
              <choose >
                <when test="criterion.noValue" >
                  and ${criterion.condition}
                </when>
                <when test="criterion.singleValue" >
                  and ${criterion.condition} #{criterion.value}
                </when>
                <when test="criterion.betweenValue" >
                  and ${criterion.condition} #{criterion.value} and #{criterion.secondValue}
                </when>
                <when test="criterion.listValue" >
                  and ${criterion.condition}
                  <foreach collection="criterion.value" item="listItem" open="(" close=")" separator="," >
                    #{listItem}
                  </foreach>
                </when>
              </choose>
            </foreach>
          </trim>
        </if>
      </foreach>
    </where>
  </sql>
  <sql id="Base_Column_List" >
    inId, gId, price, iNumber, size, color, gname
  </sql>
  <select id="selectByExample" resultMap="BaseResultMap" parameterType="com.user.pojo.InputExample" >
    select
    <if test="distinct" >
      distinct
    </if>
    <include refid="Base_Column_List" />
    from input
    <if test="_parameter != null" >
      <include refid="Example_Where_Clause" />
    </if>
    <if test="orderByClause != null" >
      order by ${orderByClause}
    </if>
  </select>
  <select id="selectByPrimaryKey" resultMap="BaseResultMap" parameterType="java.lang.Integer" >
    select 
    <include refid="Base_Column_List" />
    from input
    where inId = #{inid,jdbcType=INTEGER}
  </select>
  <select id="selectByGoodId" resultMap="BaseResultMap" parameterType="java.lang.String" >
	select * from input where gname like "%"#{gname,jdbcType=VARCHAR}"%"
	 
  </select>	
  <delete id="deleteByPrimaryKey" parameterType="java.lang.Integer" >
    delete from input
    where inId = #{inid,jdbcType=INTEGER}
  </delete>
  <delete id="deleteByExample" parameterType="com.user.pojo.InputExample" >
    delete from input
    <if test="_parameter != null" >
      <include refid="Example_Where_Clause" />
    </if>
  </delete>
  <insert id="insert" parameterType="com.user.pojo.Input" >
    insert into input (inId, gId, price, 
      iNumber, size, color, 
      gname)
    values (#{inid,jdbcType=INTEGER}, #{gid,jdbcType=INTEGER}, #{price,jdbcType=INTEGER}, 
      #{inumber,jdbcType=INTEGER}, #{size,jdbcType=VARCHAR}, #{color,jdbcType=VARCHAR}, 
      #{gname,jdbcType=VARCHAR})
  </insert>
  <insert id="insertSelective" parameterType="com.user.pojo.Input" >
    insert into input
    <trim prefix="(" suffix=")" suffixOverrides="," >
      <if test="inid != null" >
        inId,
      </if>
      <if test="gid != null" >
        gId,
      </if>
      <if test="price != null" >
        price,
      </if>
      <if test="inumber != null" >
        iNumber,
      </if>
      <if test="size != null" >
        size,
      </if>
      <if test="color != null" >
        color,
      </if>
      <if test="gname != null" >
        gname,
      </if>
    </trim>
    <trim prefix="values (" suffix=")" suffixOverrides="," >
      <if test="inid != null" >
        #{inid,jdbcType=INTEGER},
      </if>
      <if test="gid != null" >
        #{gid,jdbcType=INTEGER},
      </if>
      <if test="price != null" >
        #{price,jdbcType=INTEGER},
      </if>
      <if test="inumber != null" >
        #{inumber,jdbcType=INTEGER},
      </if>
      <if test="size != null" >
        #{size,jdbcType=VARCHAR},
      </if>
      <if test="color != null" >
        #{color,jdbcType=VARCHAR},
      </if>
      <if test="gname != null" >
        #{gname,jdbcType=VARCHAR},
      </if>
    </trim>
  </insert>
  <select id="countByExample" parameterType="com.user.pojo.InputExample" resultType="java.lang.Integer" >
    select count(*) from input
    <if test="_parameter != null" >
      <include refid="Example_Where_Clause" />
    </if>
  </select>
  <update id="updateByExampleSelective" parameterType="map" >
    update input
    <set >
      <if test="record.inid != null" >
        inId = #{record.inid,jdbcType=INTEGER},
      </if>
      <if test="record.gid != null" >
        gId = #{record.gid,jdbcType=INTEGER},
      </if>
      <if test="record.price != null" >
        price = #{record.price,jdbcType=INTEGER},
      </if>
      <if test="record.inumber != null" >
        iNumber = #{record.inumber,jdbcType=INTEGER},
      </if>
      <if test="record.size != null" >
        size = #{record.size,jdbcType=VARCHAR},
      </if>
      <if test="record.color != null" >
        color = #{record.color,jdbcType=VARCHAR},
      </if>
      <if test="record.gname != null" >
        gname = #{record.gname,jdbcType=VARCHAR},
      </if>
    </set>
    <if test="_parameter != null" >
      <include refid="Update_By_Example_Where_Clause" />
    </if>
  </update>
  <update id="updateByExample" parameterType="map" >
    update input
    set inId = #{record.inid,jdbcType=INTEGER},
      gId = #{record.gid,jdbcType=INTEGER},
      price = #{record.price,jdbcType=INTEGER},
      iNumber = #{record.inumber,jdbcType=INTEGER},
      size = #{record.size,jdbcType=VARCHAR},
      color = #{record.color,jdbcType=VARCHAR},
      gname = #{record.gname,jdbcType=VARCHAR}
    <if test="_parameter != null" >
      <include refid="Update_By_Example_Where_Clause" />
    </if>
  </update>
  <update id="updateByPrimaryKeySelective" parameterType="com.user.pojo.Input" >
    update input
    <set >
      <if test="gid != null" >
        gId = #{gid,jdbcType=INTEGER},
      </if>
      <if test="price != null" >
        price = #{price,jdbcType=INTEGER},
      </if>
      <if test="inumber != null" >
        iNumber = #{inumber,jdbcType=INTEGER},
      </if>
      <if test="size != null" >
        size = #{size,jdbcType=VARCHAR},
      </if>
      <if test="color != null" >
        color = #{color,jdbcType=VARCHAR},
      </if>
      <if test="gname != null" >
        gname = #{gname,jdbcType=VARCHAR},
      </if>
    </set>
    where inId = #{inid,jdbcType=INTEGER}
  </update>
  <update id="updateByPrimaryKey" parameterType="com.user.pojo.Input" >
    update input
    set gId = #{gid,jdbcType=INTEGER},
      price = #{price,jdbcType=INTEGER},
      iNumber = #{inumber,jdbcType=INTEGER},
      size = #{size,jdbcType=VARCHAR},
      color = #{color,jdbcType=VARCHAR},
      gname = #{gname,jdbcType=VARCHAR}
    where inId = #{inid,jdbcType=INTEGER}
  </update>
</mapper>